0,1,2,labels
0.9048947300600818,-0.11407453471242673,0.780183077063184,No
0.4734094401289486,0.20213673371674679,-0.9083131851831219,No
-0.3728554707189799,-0.021747887337743695,-1.4522490150119163,No
0.5087519726492382,-1.7357050766132525,-0.7702166802392503,No
0.8465230546461183,0.4339524116553966,1.8065037754362039,No
-0.05130833771909697,0.8470860286421591,0.5392787886912059,No
-0.4685420701930829,1.5618790366562334,-1.6048277058898397,No
1.0363246023050896,1.8471192012459485,0.41124001577999536,No
0.3447924129172639,-0.8959166892004289,-0.271021860977814,No
-1.6318669471735388,-0.6963296478625174,-3.0446557546302966,No
1.2025032431422271,0.23501377532130266,0.6052873785944721,No
-0.5336463962334338,0.9151164142561479,-0.7731352580377193,No
0.3258748583282207,1.4509751406499398,-3.9014979807596744,No
-0.3379055699338999,0.6072578944937165,1.2358587440401283,No
0.7561193594463079,-0.999136432725248,1.4351294946145499,No
0.6376212201911876,-0.22666347590896885,-1.6029318751381927,No
-0.49832111747059366,-2.8405512407950555,-0.7716919960218105,No
-0.7132522278743918,-1.1369803568474537,0.3456963548272215,No
1.7756429963759173,-0.39732866916954457,1.41915017899764,No
1.2399263157874327,0.11640270268429584,1.6473920987390054,No
-0.31337136168069846,-1.2788045755256865,-1.61650232394204,No
0.8394331798673509,-0.5111899170697918,0.4509824426758051,No
0.7006050939892121,-0.24857812317983402,1.445564803170106,No
0.4410013912873759,1.0235035517945703,1.1102534202768153,No
0.04144562833722197,0.3284195526275208,-3.0440992454891322,No
-0.06118197268132908,-1.5429412204986666,1.15437550342945,No
0.5580002473884355,0.6110272795638577,1.007521126959341,No
-0.26444135478661324,1.1947777259866046,-0.20864954863120744,No
0.5231383773021447,-0.2905413482916019,1.148093255296869,No
0.3862323089290293,-1.6594186887555205,1.4682106172733844,No
0.28637365704700085,-1.0869726138914233,-0.6949228374140255,No
0.0738959350685828,-0.5830858175391972,0.07038497312840208,No
0.6400010149609402,-0.3510167288091447,1.2544686856994862,No
1.2840035223681252,-0.6679292665070636,-0.9572106610933464,No
1.605575474176653,0.12115480387676773,0.7218091611859914,No
-1.5838893577742108,0.6047045464947365,1.1846455800187057,No
0.23831884949796878,-0.4870294197509525,1.0467100431351715,No
-0.001253519685755636,-0.6233235452447944,-1.226660048964315,No
1.2028619294610479,0.29346854172807657,0.5961809921043657,No
0.5442798544024199,-1.1315403021614345,0.544113517156207,No
-0.25511749504816483,0.8283693814107954,0.31993435869752607,No
0.21494218689477193,0.9296071792652837,0.9286463829116259,No
0.10670813943561719,-1.0380754406059645,-0.5198502439579903,No
-0.009939755750895467,-0.6867608626968682,-0.7311175773695147,No
0.4311845779355946,0.5852438044044509,1.0103592585516186,No
0.5690807437747794,-0.4446746681780198,0.8265652110384101,No
0.8363251744447379,0.9120101234036839,0.7348668994922762,No
0.22265403702606493,1.0906159374244915,1.007533689866416,No
0.868065401837005,-0.39389170669879364,0.6188850715459512,No
1.074892154299846,-0.41849361409711217,2.1359646168134545,No
-1.619134965942795,1.173092821189008,-0.6614987275909634,No
1.27542060452516,0.1960935309952744,1.4381681253970062,No
0.8711729848453034,3.386862289018623,-0.5540664187841607,No
0.12168635219363119,0.4983191708103351,1.2155725978600633,No
2.2974741144665343,-1.0058703788927392,0.5678696532669913,No
-0.7845851191311454,-1.742483800355337,1.1108940767655513,No
0.09466417551253659,-1.403019566285458,0.9875351729018348,No
0.7096874806779486,-1.0934268935905485,1.6733521627201344,No
-0.9998591393664804,-0.942034139569658,0.6505515456195474,No
0.2429026248756427,1.5692656914232679,-1.6331392426774543,No
0.7829686665505904,1.1379455474288525,0.5491425206009767,No
-0.40805022829953624,0.19880741699916882,-1.151599797376235,No
-0.730189264283513,1.2511877524884638,-2.615546321797808,No
-0.30894119103343226,-0.9828519993076599,0.6555698924675613,No
1.2555302142049924,-0.46116921871696664,-1.3772780046961317,No
-0.0672495306741352,1.8235798905449956,-0.9186320944048553,No
0.9843010483418274,-0.4115332971906862,-1.7040356179272191,No
0.13542009079734618,0.6742549181391564,-0.14222970144448777,No
0.9537327982505199,1.6171012511844256,-2.644662592908551,No
0.43263023163386627,-0.5471083601524419,1.633101960000526,No
-0.1805687570871895,-1.2665616051495456,-0.7600163673818064,No
-0.8817009496894632,-0.6789378206662465,0.11120888843176124,No
0.0995045950034526,2.273626142017467,-0.7479540777728007,No
0.8979535167171534,-0.07220781247972462,1.4900446446539024,No
-1.8479948158297739,-0.328228669719945,-2.1064404445211222,No
1.5882821297354202,0.29379362258927993,0.7948896004905766,No
1.176122089336211,0.6526125833308426,1.5206532342538077,No
1.565426908770828,-0.03139833303242632,0.6197034479560019,No
1.29500183946212,-0.07188592948221444,0.6434721182758774,No
0.7539526831507027,1.1936825152066652,1.259896066516279,No
-0.571782324104357,-0.11625055803103426,0.6544777129100448,No
1.026056250014533,-0.2931348399425974,1.0496382398886945,No
0.2265039511924023,1.249823359450078,-1.5829534876389195,No
1.2957060776365252,-0.4745114327033868,1.2046695792370687,No
-0.3303085608706326,-0.8989642235793963,1.6810013623787277,No
-0.27441230467249955,0.14944562516676713,-0.553365792887474,No
1.7192812999549174,-0.1910665877426209,0.05196122059465669,No
0.43653715400911675,-1.4444051415747359,1.1654730735429486,No
1.1144950187088762,0.5393713966960437,-2.626348542694575,No
0.8457955714204646,-0.3982850442564701,1.4163725488981087,No
-0.37547070836053387,-0.5127607614556031,-1.0664641633144305,No
0.042467333770135604,-3.6731165252420044,-1.0264886801148512,No
-0.28566092057040077,0.17237394860996874,0.6063421340960402,No
0.5778019298421354,1.0420312611053335,-0.05285971985834936,No
0.2894158330867036,1.2053601319329559,-3.663379333139652,No
-0.5699272052656672,0.18673386215740423,-1.1755922819893994,No
1.3642704820134872,0.5721641131482019,0.5674055703125178,No
-0.9767492650634924,-0.7247229664428758,2.2728587879068893,No
-0.30682831639575364,1.8927697585523753,-1.3483045829750846,No
-0.6944798150864817,0.9750832711423851,-0.8134834368222768,No
0.963884164441664,1.807902336950879,3.5275152169162416,No
0.00974269432485686,-0.20817284594212798,0.8452447779371324,No
-0.9975375932047124,0.8894199563500323,-0.5103800829056644,No
0.21985190064545676,-0.8845367407721392,-1.9560220235818644,No
-1.8580395271363321,-0.7279246184909911,-3.069889907830948,No
-0.994405301390779,-0.5616996492685198,-0.7150390992489868,No
0.7933838669912522,-1.2916004992914651,0.48671970375181073,No
-0.051269787157551476,-0.22150691365342579,0.2239585511833736,No
-0.5257914311046611,-0.16060541329844685,1.2055304575990806,No
0.97979871046189,-0.5914824246356633,1.5754790969800005,No
0.5330396765262644,-0.47837169206639385,-1.2763132427567603,No
-0.7338528882334804,-0.159940193416688,1.4534928713324027,No
0.37259081001766114,-1.131412523209343,-1.6626547965540612,No
0.3493290126414102,0.9467622363056568,0.5341467220920122,No
1.25832056770371,-0.12173616773069205,0.9793450845388744,No
-0.2901283883821837,0.719865484905875,1.2380222022158303,No
1.6263866603301542,0.29919089904139656,0.09197180659675264,No
1.0076383467113483,-0.9960548895033922,-0.9397503595060899,No
-0.9902193927873721,0.08159994596274744,2.2964373447075523,No
0.41316994520329814,1.1144220122269035,1.2254163012245811,No
1.491501636300056,0.383115263904091,1.054421683069313,No
-0.20454349677532588,0.22392143956718766,-1.3508278133909082,No
-0.0881350838197608,-1.2602558389068999,-1.6800992704115494,No
0.2798249949481579,-1.3487385542519288,0.8221210105063692,No
1.1983571687724046,0.2907029458538585,2.0056114922942796,No
1.3891180369008698,2.6479616271756896,0.3953584412021479,No
1.8908432146603682,-0.5391061773862259,2.149037356287197,No
0.8040671070470038,-0.9534495385297993,1.1588259590485919,No
-0.09957522865707821,0.5648869483521336,-0.4645955764377304,No
1.408004425644569,-0.031244163622062962,1.3930883826270808,No
-0.9022105745772501,0.6985659070022249,0.5831192607998843,No
-0.423609262075884,-2.407394683064032,-2.0084024701875425,No
0.21183696883298342,-0.35878536608348927,-1.2154734297175427,No
-0.17156674936274452,-1.3211036018715336,-1.0752013190795333,No
0.9271891534618986,0.010543049925525814,0.9471047763068234,No
0.5617202394046573,-0.4950374286731741,0.44840705816633186,No
0.1172466099476455,-0.0039014559474722537,0.9539678214948586,No
1.2193999579804258,-0.27296892247424775,0.07143670771256816,No
0.2660471130120023,-2.636931805976992,0.13274552304429488,No
0.9800146094143447,-0.46127286165487863,0.8515438169375086,No
0.20923746549771297,0.7529382295400402,0.7853289894076919,No
-0.6229709861990975,-0.1476781145408559,0.8569983273601354,No
-0.6965320759142024,0.24326868942666824,1.2273103850473672,No
-0.7337824945823433,4.14603983218334,-1.4210135969514355,No
0.20803024106377382,0.4673730099990624,0.14003984288728477,No
-0.5321035978170902,-3.2059206008155683,-2.707505906195656,No
-0.5682159257391388,0.9402705295204052,2.1085373204359374,No
0.49521501676801716,-0.6733796906330318,-3.6238314575542416,No
0.008475498305090695,-2.958896071627751,-0.8858990569891338,No
-0.9207651610568286,0.13364936573089328,1.0601247915118786,No
-0.8076014552465627,-1.2894612583273832,-2.6510200075114456,No
0.5236139066587902,-0.24728793973971905,1.2462456974518283,No
-0.1401631617054141,-0.9002800937102167,-0.2803359812539107,No
-0.10398191734127084,0.30942714060966187,-0.22567747258163706,No
1.6602405826664068,-0.3095756584582456,1.5021408999749548,No
0.045498932619437535,2.1810042601099213,-1.0503539820029957,No
-0.3409863544684612,-1.7171681763951472,1.9266750387966387,No
0.18338342962463527,1.0339092784891393,1.9789408565289066,No
0.17948600186807723,0.3230902506448751,-1.6663210365575551,No
0.4990781154276821,-0.3941059084175171,-0.9625391465853547,No
0.07542639946949856,1.312832206575069,-1.9667451637645321,No
0.9935176190734035,-0.21612814155561802,0.03331582240442443,No
0.7936109977097947,0.493699892715546,0.25183630627275855,No
-0.1603457995807165,0.2569791340354427,1.1260534671991926,No
0.2335349416970807,-0.9845461803774178,1.0683065518749293,No
0.8591400628337624,-1.0949863122470274,1.4071150572457625,No
0.735401539502284,0.8915457653579485,-2.1758716734766663,No
-0.13095531702943747,0.3393968929614485,-1.9845685177410353,No
0.3481160191687858,-0.4841789589069604,0.9125257160517118,No
1.6780815317178475,0.30305878407919973,1.4073781957260614,No
-0.8648146348567726,1.5514698997131753,1.5441575276973585,No
0.4712241351817038,0.9639924001649576,1.3716294003837288,No
-0.5770433890087916,1.0938175112003559,-1.5122041659973453,No
-0.878422049657339,-1.1597445464013842,-2.200628499626343,No
0.6012018118198592,-0.8882896885403764,0.8855463789323368,No
0.5330686315163603,-2.0322302179585043,-0.9794965848473784,No
0.5153724921717199,0.19680234152045875,-0.7204094610694498,No
-0.8452634503188017,0.3463991303829768,1.1774802188473001,No
0.13324104807498618,-0.11494470647448357,0.6709350714988482,No
-0.023016482385659412,0.6513210778115991,-1.3136963526485486,No
-0.24759401648465648,0.7506745097856589,-1.2544788294796423,No
-0.38270820819356505,3.283072773858041,-0.44911241802794266,No
0.6926918561123354,1.3337855771863745,0.7310248932685925,No
-0.22445921951699357,2.1909761423369365,-1.33438087950789,No
0.6762984864113706,-0.01889337949482574,1.4425861714522594,No
0.7559868405849315,1.2655093319631956,1.0687712281058284,No
0.7298170926741876,-0.8411742473184702,1.4594017658596936,No
0.22136894182404218,2.3206028241504897,-0.5236014694682622,No
0.8019833056416278,-1.067056242546573,1.658264004565586,No
0.9005871129790789,-0.8582879252181905,1.539203204622146,No
0.20036513450080573,-0.5234069587586198,0.7771102119312198,No
-0.21466246111617987,1.4002627164537593,0.9162371842340619,No
-0.15923398728759738,-1.187966328957972,0.48781517604456537,No
0.7982357963533051,-0.5306093397862364,1.7158907311501355,No
-0.16297511112467655,0.4624851114006483,0.4677313796343434,No
0.7793660354974965,-0.2704760660513262,0.913537134221344,No
-1.15531285209075,0.4406910971092148,-0.2855213915043342,No
-0.27179738398010306,-0.8978311747335903,0.4919869850516143,No
1.1028745815901182,-0.4605836265300228,1.8931258334213164,No
1.401724921013592,-0.3153509570525414,0.022560412335526525,No
0.32736772591720176,-0.19687474317269343,-1.2122535276203759,No
0.12513791948190128,0.46409479146077093,-0.05231915095681283,No
0.09815629848154912,-2.1746077745997705,-2.0838265308141435,No
1.085346245374212,-0.5906347983828506,1.4981769507156744,No
0.3071836753846927,-1.3939966966792607,0.776265737271292,No
-1.333435406250188,-0.6055293986602011,-0.26427590178710747,No
1.1716043825566533,-0.07415933981170245,1.2227469366773054,No
-0.5963320031398969,0.31726508263355163,0.9179508786631322,No
1.1512475727378038,-0.15951163863819112,0.28178829256688875,No
-0.1243702302849957,0.017863107106549734,0.5766464950308512,No
-0.25074595073552264,-0.8700011451613279,-1.3236780179629843,No
-0.0963665256098474,-0.22965393789734798,-0.47345571979166434,No
0.4309184940161013,-1.2531844303465836,1.7705839777202805,No
0.15435990352759357,-1.4688733674262069,-0.5994181019211055,No
0.1328236088721175,0.883300209112798,-0.17379812198023703,No
0.19983400736924067,-0.590168899375122,0.6060406063967857,No
-0.6269476021435723,0.9890800713409489,-0.13576093150314628,No
1.3383782406325275,0.5357260645556446,0.6144750215459136,No
0.9873012835059036,0.49630801356647314,1.4516262565786417,No
0.4907711986582117,-0.24371077397467533,-2.122756059163472,No
0.8977708494406943,0.29294188142207134,1.3396864626947977,No
1.590904311936987,0.20815034007412495,1.3767124992023545,No
-0.3182038873366692,-0.35284229238146764,1.1763308816574,No
0.7269200425643572,1.7171898280762332,-3.3358068015787943,No
0.2268733956229323,-0.5331385527885134,1.0093941312175692,No
-0.912398539878528,-0.16347636035825763,1.8318940891222693,No
0.790410352615461,0.6998662395239031,1.1063234026871078,No
-0.07468896086820687,-0.4997360767513783,0.7567433203602647,No
-0.4824120608843532,-0.09277921813302482,-1.0802606994242134,No
0.002437215905389535,-0.13809323822532935,-1.2317941929221445,No
-0.11788732262878986,-0.9590824960348814,-1.1069295188962192,No
0.17360164253395133,0.35343432230964517,-0.5848550781505948,No
0.7534232422806537,0.7619511376428335,0.5647218215553207,No
1.090009656665916,-1.0389296539605375,1.2855843903424298,No
0.3227637516793544,-0.2405804723759965,1.0480339078723484,No
0.6929749327878989,-0.40682799441730094,-0.43637506950773763,No
0.367616401069016,1.9631364076219469,-2.2062639684142145,No
-0.07101275106763245,-0.3103797741474988,0.628701975323992,No
0.13435210170241632,-0.9618125397926539,-0.7418046203161217,No
-0.23177904358381687,-1.266874430684088,1.0518721699784375,No
-0.508178707610815,-0.3444670645848269,-1.5972190496949215,No
0.40564840882003533,-0.6508690714531402,0.5161301966873837,No
0.6715274352114416,0.5477794610858561,0.900228382405255,No
0.6047665278984661,0.4954228324050316,1.412710889171246,No
0.02600218518851419,0.7916916486111603,0.9503644761001395,No
0.11850986023521942,1.3782286209747767,1.061300858753242,No
-0.4356926742997687,0.1603842628442858,-1.93758121284105,No
-0.11187215972076409,1.2081056554215226,-0.17694613586780295,No
-0.09779870191110081,-0.07502629404781463,-1.7529091953629523,No
1.2590200915297394,-0.9063652823058124,0.941577129985715,No
0.2848362586465714,0.14124668912709742,-1.3680852067455074,No
0.11294676196348684,0.04088323265766604,0.41479410318511056,No
1.4714550872350747,0.0724394743581223,0.44433305344094154,No
-0.8155284731122228,0.07225133968287184,1.7048989995370412,No
0.004861359217945229,-0.3806537535021897,-0.20462853504208733,No
0.8450020535905032,-0.4593172582899585,0.8742056030521905,No
0.6981165173857556,-0.5608139934102225,1.276606050566039,No
-0.05489422917667877,-0.06635622967211877,-2.085424585273734,No
-0.5904799985773603,0.21461673178586335,-0.3343924084107268,No
-0.7432709808848298,-0.9534064097728776,1.0238309069085816,No
0.08988461345472193,0.2799007932819428,1.3607647028167231,No
1.2063535280158644,0.16734240631357353,1.7962752117288123,No
0.02830418528334882,-0.038092304034685505,0.9243406034543787,No
-0.5012802056767861,1.7687304998944602,-1.1448306207093457,No
0.08214620945092606,-0.4695529652045699,0.8606738424886455,No
0.8382676810917413,-0.6145958636352747,1.1790822643246635,No
1.1316203033673031,0.21831259194559724,1.0565436272053823,No
1.0120177709305063,1.567085887839077,3.6943123090859897,No
1.7829660003132872,0.49161526064337213,0.50740575775494,No
1.0866822987214113,-0.07326130264190926,1.1911678177600928,No
1.590368917090795,-0.020872096457482073,1.3955666950448244,No
-0.004461837545820759,2.167667012343781,-0.16938718391965024,No
1.1469032578898302,0.8944660609956494,1.1117173092424126,No
1.1284273051877416,-0.32982351475895544,1.3776649798007492,No
-0.25400186965901694,0.40000422651400064,-1.3239604915426593,No
0.11169871524658792,0.796176405381984,0.7756772918466481,No
1.5242767313697254,-0.3401730645807822,1.5682750559144578,No
0.2771210024435329,1.108703421714377,1.2200581392926393,No
0.6317220630120609,-1.4779328418782955,-0.6721756280618811,No
0.7779782726598284,-2.4964806413806637,-0.5570191233199344,No
-0.9977965995702104,2.081438053512525,-0.45143647541213494,No
1.357970575992722,-0.6770153875516058,0.7422363157111821,No
-0.5272476989766703,0.17388654449578267,1.2318885602388745,No
0.6984974032248784,-1.9791249393823922,2.1125363741588803,No
1.005286458249245,-0.21567710381143607,-0.275050716388072,No
0.4940565495867526,0.31458906216779825,0.4523304703190717,No
1.1226263356943058,0.26307920613080316,1.094137156675386,No
-0.5727102771996163,0.5855687568696795,0.5925830732376882,No
0.26712950456899565,-1.0120852981950021,1.8901197698750212,No
1.3670759017800298,-0.9193988259793443,0.06795749204226886,No
0.017676855043296816,1.5424671035651365,-1.2850714197919442,No
-0.8760684197363663,-1.5484002706533457,-0.9664826106737022,No
-0.11362553623627969,-1.0485336845461404,0.8120162322200003,No
0.7113581294321066,0.013642420704034408,0.7075142034019931,No
-0.3536701513108031,0.8380956192128827,1.3365423625312611,No
0.7630115256898031,-0.19373470359837075,1.3928132397061987,No
0.7041081124045636,-0.23646525054385764,1.8719532945175676,No
0.1111387971668293,-0.8596339207581316,-0.27752410504782676,No
-0.7172807749313569,0.7034619930875537,0.026275196328649608,No
1.4448669660202524,0.8051391213691742,0.010693366429442297,No
-0.6083613433301691,0.15915047505422852,0.3214772396158301,No
1.0820137631974036,0.02753140209794666,0.4052552284884151,No
-0.9776785824157446,-0.9423598043123845,0.8797594297298468,No
-0.5701927434479123,1.322122676494259,1.4979201949507897,No
0.7581011801147165,-0.42571087982980105,0.9706641054975689,No
1.3147158493872135,-0.4941066234097282,-3.013556226656636,No
0.5490633819784827,-0.46499218381510427,1.0124485699888806,No
0.41253049252552526,0.1756129600165058,0.40312049582584353,No
0.6466654170853312,0.6067707331243314,0.8936411667630252,No
0.9630548344779538,-0.048077905285814376,0.05208932974549274,No
0.861118676816901,0.49291832761693083,-0.5768242297618944,No
0.7639895742716826,0.2691767081360085,1.6112720126933227,No
0.38218497312841654,-0.6422399642373908,-1.393985066333497,No
0.45490082437515567,-0.6619837752305199,1.1249295440489855,No
-0.11874489167795912,0.9887505379576457,0.3916713306538865,No
-0.23409095152194564,0.7760936388659099,1.3801863220731494,No
1.0470017689581188,-1.3834344536933203,0.8391239176600326,No
1.3851816398795285,-0.22659347531759064,1.6134161780612937,No
1.0021248915340382,-1.0409982633203434,-0.8358943435850474,No
0.07206652266852577,-0.8141132382031319,1.1350537678860078,No
-0.10692456890310284,0.03131959051231793,1.7827981880652248,No
-0.5070794503546354,-1.523009343278716,-1.9979058607012639,No
1.0593619146532418,-0.14817401120035334,-0.7428249407926915,No
0.8146733163673436,0.2508258463533723,0.8752948109649068,No
1.8349981061261404,1.2405474975657333,2.182580198347609,No
-0.08003338006936427,-0.6899883703869886,-0.6175626266956802,No
-0.24529808441019132,1.4334560412845454,0.882554325880063,No
-0.4302357839095201,0.9801543340709191,-3.9120131961858933,No
1.0213284064339119,-0.39782568279838865,0.6443822239286061,No
0.5278940877940215,-0.11779822624992208,0.8878450372789187,No
-0.183564376594554,-0.19090004281996856,0.6090893011250711,No
0.9802554916672368,0.884795462771858,0.6403277447238258,No
1.1381608665849043,-0.2095174210083958,1.1683909868576163,No
1.506517264898044,-0.1197112868084844,0.8694742637504389,No
0.1323515152508387,0.29261299264202084,1.228226544392415,No
0.16498418506546278,-0.4534598751843333,1.8984186710779953,No
-0.00528987964794489,3.001262306385102,-2.0007665197009974,No
0.2767700575676063,-0.318516396643273,-0.24881599119946585,No
0.6353516484371389,0.12306304550597225,2.5081335401101597,No
0.7074419639961135,-0.5845458649506806,0.40272198044565255,No
0.5390513541510216,-1.2955943786298698,0.5850965934402281,No
-0.08829335030616844,-0.8243063871444919,-2.406449699094873,No
0.8569302912645806,-0.42447143753289285,0.7575769126898437,No
0.9492745963007312,1.7923654767414126,-0.6638672183504689,No
-0.42261703205485074,-1.1405079909287978,0.6883824517632964,No
1.3392016845381132,1.1541451747453049,0.8475670451380335,No
0.09714453559548886,-1.8910514665796951,-1.2307513199578213,No
-0.06513236630983883,0.047719764367239036,-0.9535102182901276,No
-0.2136669305583263,0.9483123906340022,0.952900513903459,No
0.16888230268955828,0.8068346319116548,-2.3609000894231245,No
0.4691051267435671,-0.02543047397467424,-2.2042232570420675,No
0.19910981014780849,0.5441816536644227,-0.3387740657445696,No
-0.007192037977048091,-0.9610719343078451,-0.9191072200343412,No
1.7623378998703711,1.5021805121283878,2.1268032082465105,No
0.5675829653678821,0.5726451700154772,1.8245449962165212,No
0.13290970036105296,-0.284803735696981,1.9321455775313354,No
0.38285089297998015,-0.02255212955608612,-0.8240677209870613,No
0.7551556306054298,-0.5314375994551315,0.6505274423227076,No
1.738153923366283,-0.9710850808271958,0.8208833277141082,No
1.281158275575818,1.0204305312326174,1.2112172229434166,No
-0.9813921216681551,0.8543155365465744,1.1133003871957774,No
-0.1756656311590167,0.9527848970837004,-1.029293498103238,No
-0.019595299542396676,0.41770155819390714,-1.4541354388789816,No
-0.04860177654436496,0.016987570118698177,-0.3082678111613665,No
-0.18307655502723513,1.5891513523725647,1.5693234400647185,No
-1.4712625234353895,-1.9109104041622613,3.0637757065374345,No
1.032498330587734,0.08037908613147156,-0.1619560085927665,No
0.4265230321770864,0.3751644922709299,-1.5089794971654467,No
-0.7268066288294737,0.0735511425383353,-0.9976287063608544,No
1.4994617528707361,-1.4898679813142173,1.4254300612976385,No
1.079801649614133,-1.377422594235842,-0.38878704047181145,No
0.09597074092886396,-0.5937913322617097,-0.0962523929504856,No
1.2605145374079612,-0.5870637012343928,0.7437976726557075,No
1.0938186353449995,0.5051619929573283,0.5369010904139723,No
1.579985056135587,-0.20531371829187295,0.08643878736000565,No
-0.03710731288297566,2.1014935764593776,-0.4764699581119163,No
1.4689276478623996,0.10088739603469211,0.6046846168894826,No
1.2519425484931404,0.06104366534163517,1.1409782894089615,No
-0.22318099491277973,0.8920322633325224,1.3627425380850444,No
0.519551379847084,-2.444456368422359,-1.3062485266981252,No
0.8044042129444916,0.706333437471506,0.2619484657469213,No
0.5112997010443145,0.8297390881292448,0.6509373836274022,No
0.08572142577765395,-1.2726626492822468,0.5828436355007691,No
-0.16640389740743064,0.6602539524158487,0.6668780733408639,No
-0.6192014724995065,-1.9444971658247494,0.2264024080472764,No
-0.3124396073064662,0.12910058338628153,1.1578275391888588,No
-0.3841886220262105,-2.378020284657896,-0.6185143554067463,No
-0.9829313926416141,0.46318784588345396,1.5972765627113485,No
-0.4395347107422828,2.269437545660757,-0.9412911163445593,No
-0.942418579745214,-0.24656046435842027,-3.1949882747115455,No
-0.17094536624138132,-1.0211343399273614,0.04973038548886333,No
1.3457632900640029,-0.5070350718218875,0.4316994313069342,No
-0.289159056805792,1.0667520653453277,1.7551623050598613,No
-0.9301475020865156,-0.6272880760794369,1.4257674776754607,No
0.1597161693432883,0.8359053014216747,0.07284491573960639,No
1.1770223671441515,1.2931245241132172,0.33606856480191005,No
-0.24348922534428508,0.2864137450815472,-0.8427503434258914,No
0.45808923314998184,0.11205956744224076,1.037140610227305,No
0.789403992895565,-0.7172947651965403,1.4801456893135336,No
1.1174497485004418,-1.024132468921015,1.4117156250338527,No
-1.8994700789969676,-0.7680588474483256,2.0445222368401526,No
-1.1541747865872924,-0.316525371446004,0.0590122331054066,No
-0.5315297397103638,-2.4032978867327737,-0.6038596332434734,No
0.4619165170716217,-0.2649561044111374,-0.6019069925155343,No
0.2533444900182489,-0.806305378702215,-1.858292396759282,No
-0.57004951925335,-1.100492984577509,0.7891627005905193,No
-0.28148511728135495,-0.3126846761709818,0.3503511805845936,No
0.15651487216856194,-0.09096178548415193,-0.034794092546968636,No
0.2941837612229008,-1.1016623575004896,-1.4090754111218964,No
-1.1783140519896307,-1.098478872480033,1.124022808868441,No
1.273127665371838,0.3397731891833188,1.1473937655542512,No
0.8349577863763908,-0.7363016199925546,-1.7917850940710272,No
0.802877758068686,0.3597832281163738,-0.5867433656165971,No
-0.25338001473344596,-0.3065670555621478,-0.42542333658853204,No
0.16914315466277877,-0.22271754200880578,0.9380598797308144,No
0.3572485928663583,0.9065017715393312,-1.0085382503354747,No
-0.7235903528155204,0.10518341518682857,1.186266299053954,No
0.2459158832477345,0.09042021176847671,0.7339030524738033,No
-0.7328628360662003,0.10165283009218404,-0.9070606368367774,No
0.7603812804599288,0.09207225700170954,0.2814038224997806,No
1.0631376136410555,-0.7057327771482169,0.8151818914803709,No
-0.4298321290004077,0.342997880026609,1.1462221675890683,No
0.13911194480483519,1.1305179345117213,-0.7342207852050544,No
-0.18346646397882538,-2.8665393106578936,-1.5942164391077602,No
-1.0107429426549834,0.8423359031098197,1.8028820013601274,No
0.18685320068156439,0.38606293923102886,2.7244992660760143,No
-0.2802889030151449,-0.5492467869287068,-1.8204387514706903,No
-0.012941710884840009,-0.12800065601829064,0.9067603088264446,No
0.3201197532990254,0.5000776002615905,1.6553191815705146,No
0.9095768847851722,0.01474315599091424,-0.7285429952090792,No
1.503806081094393,1.3120938063188683,0.9203694987922761,No
0.674536173092056,-1.9859555117867553,-0.20266434342106,No
0.14169952005627887,-0.3010490968227456,1.3370482158363628,No
-1.5242921597413144,-1.3177108465783625,-3.027201101925348,No
0.6903090262363376,0.5463407508639304,-3.99269012496441,No
1.123954956717075,-0.1526963446230435,1.2637810567580026,No
-0.32186266607748104,0.8834246493005358,-0.9527684995376489,No
0.3034727017647904,0.08731394195731436,1.461374571990609,No
0.1882319976582616,-0.29775468274477085,-1.4151650487137288,No
1.9423589237083334,-0.9642902766347774,3.744560252255618,No
1.1411674587488005,-1.5786110856841817,0.9250452409787906,No
0.19803069686345717,-0.5650018580312377,1.045243064475721,No
0.7630557987636402,0.892897929586811,-1.003589191033466,No
0.010167795686219953,0.10126568917171358,1.3058291895321754,No
0.5382898545762131,1.5628226976903563,1.1801206206791202,No
-1.2432166911266378,-0.5514139282665492,1.3787249472398666,No
0.19843199141388915,1.0923907332728868,1.7185842313305006,No
-0.09279261196615467,0.2913964659748514,-0.7832801381407878,No
-0.10765179026361187,0.3472039516184052,0.9881876862607073,No
-0.07998829442681686,0.4946548175652471,0.8520579951888904,No
1.648465066469631,-1.002097368987441,3.027960400197106,No
-0.19018919026822592,0.22155174435745165,0.32122818337361847,No
-0.3313150566747917,-0.8202174344456095,-0.4231702534009648,No
0.7397234200125111,-0.5490117771911514,-0.01057352683180568,No
0.014129290685281836,-1.4230843604444976,-1.3085992275755063,No
-1.1437585044979084,0.5970139731504462,0.4965443419962934,No
-0.11606184312745554,1.9199861205378708,-0.6359383497119528,No
-0.3027849324580348,0.5012622980882246,0.9960030201822824,No
0.45801074598953495,0.34870892609986714,0.6678336066537589,No
0.07293628121281534,0.17919441480946846,1.0924812008075675,No
0.6139769986367616,-0.7264823163725206,1.2783462274937707,No
1.2064061831980295,1.1361743227851833,1.093600296737966,No
-0.9670607314133839,-1.2457368619650608,0.7034197240215372,No
0.8760738545906592,1.1737225308969865,0.8336609887057203,No
0.501073515267579,-1.0938492475810409,0.7932680243486359,No
-0.12744747277705915,-2.0752243096274867,-0.1044987569691248,No
1.347426945587187,-0.6458825722655263,1.1477306501965134,No
0.8187160173198312,0.36325183134300904,1.413425616004395,No
1.0897134455117565,0.22084189941276386,0.8618473772012002,No
-0.05160034680774472,-0.2070204620067722,-0.7860530560266168,No
-0.19289018552771856,0.7457176702839334,-0.6374217107799696,No
1.1614011723292872,0.486935996684906,1.8062703623174456,No
0.7992549458875219,-0.5287732114275973,0.5280272426411136,No
0.9463927076453142,-0.05595995277106799,0.4115296386951026,No
-0.9040911924583144,1.3953718874081071,-0.6188741531195863,No
-0.36783647411333886,-2.087922120130564,-2.075202714451515,No
-0.607245824162281,0.032584716563981,-1.4331777333352187,No
1.2382303985678773,-0.6610116024411647,0.9189896512846297,No
1.556063579908451,0.3371548411516747,1.5858701196926177,No
0.19761015561568868,-2.8760007874330675,0.9478619530682115,No
-0.12553483151233155,-1.7038993412082537,-0.1296168019939622,No
0.6114340117769217,1.1137452028917736,-0.5118429497031689,No
0.7868277037336976,0.45182955005716197,0.876965219487463,No
-0.29003039360154886,0.12397114700166584,1.6596529747336342,No
-0.46197252260586014,-0.4287651701235709,0.14069075243541773,No
1.1945945755869491,-0.23347269821704073,0.6908889316461704,No
1.5091157984924741,0.15884641755061782,1.5738321652930596,No
0.030010484614520286,1.037467803581072,-0.32345825305382525,No
-0.6170584356841246,-0.6180171454884213,0.9891082872579771,No
-1.3200577939376879,0.8500723626722246,0.4158403364552422,No
-1.5016663741494636,0.6113077787119681,1.0385321246031867,No
0.21233069229989182,-1.1545903857349158,0.10818337569223113,No
-0.31051235848377573,-0.4876573943870925,-0.9916906780469067,No
0.16687943010681117,-0.874220740011749,0.9476283600120088,No
-0.21635978431895309,-0.83688641502015,0.48933565678482616,No
-1.027441969781598,-0.571994720849535,1.02530906821348,No
-0.08410115632097363,0.37004666299136957,1.399401986270652,No
1.0120499960096139,2.3040232127749793,-1.0270535720044616,No
-0.39933537353672044,0.36862291811006154,-3.649991782499412,No
0.4744603797610374,0.012537268449421601,0.14568825863259705,No
-0.6913597214012436,0.10129203331392833,0.8548727559816623,No
0.7779517027434688,-0.4496164686830727,0.461319715044182,No
-0.32931686898512225,-2.0650074511972414,-1.4457034875250105,No
-0.6579648112625008,2.204693766846388,-0.7802119176330559,No
0.326701627733609,1.895282382240579,1.8793601899276293,No
0.06687820428049321,0.030430870911910914,-1.6097679428633938,No
1.1929673912150878,-1.0674588811051529,1.9172612044210626,No
1.0142085608570075,-0.17629058693517918,0.7675745320246556,No
1.0281571537622518,-0.38607483604887083,2.0639709753799904,No
0.5314718654119361,-0.34415253705048116,1.5554232109724286,No
1.1326953208961335,-0.5728751168018339,1.7386087931941079,No
0.2000062911533519,0.8860776171647889,1.2988367575988915,No
0.1633436930367106,0.0112879233740648,1.1887439693778736,No
0.5931189745986761,0.22191303508361107,0.2836368597180504,No
-0.3922621460458472,0.021007025148165853,-1.3616695441028095,No
-1.2232221729598154,-0.4034416514473956,2.1043293196181416,No
-0.7001951879578974,-1.18633883786547,1.268038491583167,No
0.9068334750530606,0.10621050294281875,0.07562064990877271,No
-0.19636692000980935,-1.189603648978247,-1.6774598047287532,No
1.1952959676008035,0.9474062523981768,1.0021028756224732,No
0.16818593275915167,1.3549878754856886,0.5907904349442787,No
0.0383679923628145,-0.48732001094942945,-2.1349788186628293,No
0.6210094885882513,-0.5079972651721232,1.511889907147951,No
1.1566685810950978,-0.4240003813786902,0.9339634275057511,No
1.7988720459181975,0.945456037446645,2.99272269761581,No
0.5036060669791196,1.8101043169295514,-3.3266538979246745,No
1.093190182551651,-0.37916871121394746,0.5228437021906701,No
1.013223398520545,0.20415077249464308,0.9832442578746584,No
0.7907298683931283,-0.07313820557490029,1.530684401811659,No
-0.6048345118304839,-1.1157897564488521,-0.3089970540212532,No
0.3718710851972694,0.3873830789368244,1.777295898558985,No
-0.5586231669957975,1.489253720301223,-2.1949853845362517,No
-0.13442284106320296,0.04196401111700869,1.7785466341100657,No
-0.8928517418301795,0.20295574173125208,0.7734878105755856,No
0.6527618845074468,0.7835354111609063,1.0652679443522883,No
1.3253906529246706,0.9967690707722789,1.18702921900854,No
1.2559079480960968,0.4134812780509942,1.4531067664261024,No
-0.760627544397595,-1.497736035735485,3.3331484921427386,No
-0.9427084430278443,0.6165230586244981,2.0746889708776584,No
0.23563526424114586,-0.5407937193467359,1.061281467943947,No
0.049897480475960515,-3.1057306395046713,-0.7740381193373547,No
0.2976919891976734,-1.9986804564200156,-1.0079519560906407,No
-0.9481024120200493,-1.2328945754881238,-0.8945585633928366,No
1.0846893172479566,1.556164254406187,0.7965547462131997,No
0.39930336509268105,-0.13737542686184906,1.5350012434264326,No
-0.02197643204671983,-0.9110137255794426,-1.1121176965242185,No
-0.48197675377570376,0.02499142632589197,1.2023913534584445,No
0.4291777082266396,0.2573569923003585,0.146410831854609,No
0.5432847202162235,0.2879087089641501,-0.8992394688254789,No
1.9318113156057204,-0.20417733789152578,0.7011607423922396,No
0.21111581487760078,-1.19797102027547,0.3270516817301705,No
-0.41728344452821275,-2.5733067936118914,-0.9387962601138479,No
0.7087228905782648,0.2045123713427534,0.6733404168058106,No
0.39120443850312636,0.53595787994022,1.5489716978845722,No
-0.3879622782590287,-0.36417417155091203,0.8139200344073835,No
1.478104072345039,-0.46090333950343243,0.8254018476194871,No
0.5681095986719457,0.3939369798076803,0.7050740040935217,No
1.6765405545826175,-0.945718049156317,0.9990485456425694,No
-0.34029174394108763,1.4581443621232186,-2.133718345583233,No
1.7624249821543092,0.7871583585937442,1.6120667832583868,No
-0.8823201245873796,0.09642585902690361,0.7459367868705169,No
0.9545865101125738,-0.7299606645056768,1.577688437180844,No
0.37709392350736204,-1.4949779874991846,-0.8739359178054326,No
-0.43401859044467406,0.07189701308054852,2.9117264623389696,No
1.4738364804642183,0.17989033961492318,-1.072640918634174,No
-0.6617116133919428,-0.12213256360368761,1.3532208274196622,No
-0.5570328410425296,0.09759647125503415,-1.0760405950757659,No
-0.40980053753294715,1.1304623828102758,-1.1230760830985995,No
-0.8129775056889884,0.6523682954111204,-1.0311488595443719,No
-0.34541652578553733,0.510701155449281,0.8772060812908443,No
-0.525535957330188,-0.6319649778175956,0.9359556131696739,No
-0.6232219003428616,1.0167245695626732,0.1679010804948864,No
0.085135273535094,0.6989269718335873,1.1751518484145655,No
0.022505294644849655,0.7652529272160234,1.6994854405305684,No
-0.16419851646934827,-0.5758204039882094,-2.128622324371034,No
0.5711148062624698,-1.4591420809131894,-1.1667737370717708,No
0.36054363739728745,0.45945566843855234,-1.0568713449681386,No
-0.689331801504574,1.2091012027546375,0.06718385120778358,No
-0.8018858668154631,1.109813950609889,0.5443738393164139,No
0.9568892563971796,0.5532578985421728,0.09023227402246092,No
0.2187585186599681,0.13435840118306563,1.9358291339108629,No
0.9476799528632215,-2.4697038126746675,0.9143199538327471,No
1.0643934028986943,-0.9010683201412621,0.4257847037686281,No
1.0719029807096687,-1.4521084766485117,-2.4450868156558307,No
1.564676326958662,-0.44346741485512914,0.27567246110393295,No
-0.5005556013845645,2.2085775989798804,-2.802776621682198,No
0.005604361747791979,-0.4875018211576564,0.9424825668906975,No
-0.3122520731844259,0.31437625040890377,-1.4334850935368388,No
-0.07455615551920651,-3.2494412335641285,-0.17697675011141678,No
1.227582924682297,0.37445086602748845,1.3112564952642347,No
0.5602355221029751,2.2135974234866356,-2.687832152809837,No
0.3922723943321994,-0.7881169083135005,1.052872783312512,No
0.8669589839104651,-0.49555220589350424,0.8585919131826549,No
1.1016448780833916,-0.36808232167063115,0.9056612331968691,No
-1.3142398743224821,0.8388948618925367,-3.5776852785799615,No
1.1970823543241569,-0.3628017277370855,1.2414414351412018,No
1.0705324301949484,0.8528784382651905,0.42505053441587115,No
1.11964888838762,0.20751198564111728,0.6663282712846428,No
-0.11244432387782277,-0.5036501500174042,2.5558654389517503,No
1.012013232765302,0.12248117149000809,0.9119195964604582,No
1.5986011419082744,-0.1272526838715244,1.6054152810422302,No
0.4540643502369793,0.6879557551357547,0.6624818156449636,No
0.2644872286463532,-0.9633189358492785,0.6322575878442906,No
0.3410448111073857,0.29562412498630974,1.863112330692348,No
-0.3484583464563004,-3.727661884035094,-1.3995473845473412,No
0.4274791510186414,-0.06021413552985117,1.0206533561774482,No
1.7275550052310504,0.1679132344870407,1.1560211291304268,No
1.143715600022437,-1.0450283684171626,1.2855127960044266,No
-1.0533068056274701,-0.8121354281609514,1.067462872278096,No
-0.19933092165985872,0.7775588108246277,1.4367184539389835,No
1.2080512020756504,-0.9829125231403922,1.737952645718255,No
1.0782838954911682,-0.7000595759832137,1.4874569258755836,No
-0.482105259149264,-0.9579843207058475,-1.0832299587792171,No
0.8432934700475337,-0.7553047916194056,0.5027430737720046,No
-1.0135945194326224,2.5598006596200418,-0.739856035800389,No
0.08560362414786223,-1.4571444762337198,-2.5454838113237725,No
2.6164710890747194,-0.11179081329039027,1.7262367438617388,No
0.7900951204827644,0.547680226000226,0.2851943356879867,No
1.0657486666905664,-0.6255673525213452,3.2570429566376475,No
1.028822252016691,1.5810003141256446,0.3801518812689253,No
0.28105324256680475,0.6651779307261335,1.572135921657002,No
0.5362493264718795,1.3379723610329148,1.5476283869409255,No
0.9640845533818495,-0.3716857843058106,0.9918896176042801,No
0.7426914205984364,-0.6354165098578793,1.3475688102318923,No
0.12829084199049756,-0.5787511550334868,1.9607856285727587,No
-0.7102112978834473,0.1219928757036068,-1.5621034453083684,No
1.3322221095046614,-0.9672518155628737,1.3747695586737838,No
0.6595072409093968,0.532390732138141,1.234206786347752,No
0.6152987099525352,-0.2717637493546411,0.6241512444022578,No
-1.9693030263150608,0.17689083723574495,1.4840075980819867,No
0.42926418798053956,0.7988628834412003,1.5922264410279703,No
-1.3660194654267,-0.03125891159210288,1.247906497245816,No
0.45266576157518423,1.195763307234849,-1.1186861172105753,No
0.9790984089375473,0.9198145119884851,1.3165175564436498,No
-0.5581918263893919,-0.4579700620795686,-2.299434004830701,No
0.8035462038770104,2.2079084477074122,-0.8087577164670263,No
0.4575056448021626,-0.5384678904523739,-0.2716978750671293,No
0.9040872506345579,0.04296011885637437,0.7219355486052166,No
1.328980011349883,0.5521629943042785,0.580409782649713,No
0.6533689846316777,0.3382499275831785,0.5836720259127982,No
0.01819525080914548,-2.287318085429228,-1.8623078216322875,No
0.8606051460419255,-0.12927974348544222,1.557500913911875,No
0.2951071692316043,-0.3645215421485966,1.498023478344773,No
0.1933029454826432,1.0537065695270036,1.4902251542139051,No
0.2643692833259689,-0.08675307355451842,-0.19379191386434202,No
-0.4098922828499663,-0.004855146032998498,0.5877273476803431,No
1.528445119908028,0.23168486693088877,1.2343702937341923,No
-0.06507606726655574,-0.602613695127801,-1.7045063080480853,No
-0.9451620827967124,0.2707206156654441,0.3963857640695747,No
0.6017466086839536,1.7554187607137417,1.1745752940435974,No
0.7714919103103042,0.060570601764889265,2.1556999159173467,No
-0.6804408627872229,0.7814353235345038,0.9735200986833605,No
0.20700496976569435,0.9639689402246612,0.42422722898329823,No
0.27294504598938774,-0.7904137278210092,-0.26225934838930487,No
-0.4813125497098807,-0.5892899934879816,-1.6949901274629733,No
0.2714789428769106,1.137597720542022,-0.3570533436536858,No
-0.27310116874288054,-0.41523015954363657,-1.4381935914569042,No
1.5486084535691829,-0.8754680234592783,0.13362486409328622,No
-0.33598229165911064,-0.0768809322278913,1.0678425769933266,No
0.7910900418607416,-0.5959468536753435,0.3936546989187105,No
-0.058872745680447765,-2.7692162501547375,0.3874867262416193,No
-0.950227423364701,0.6732919653356015,0.7899799718187571,No
0.4884764849807646,0.14055031675363677,-1.3209300733705027,No
-0.03324789367462488,0.4131749116824376,-0.496350909720331,No
0.39877814472980244,-1.109983377868489,1.4293258049447415,No
0.04577216799925976,-0.8151202892123508,1.2056069529748488,No
-0.05918018811249968,-0.28064416333666675,1.0531185905021005,No
0.86236351604905,-0.29532544823491613,0.6490278978761611,No
-1.4461381644035551,1.6324712327376578,-1.221753712981963,No
1.279505920178504,0.20354572093222592,0.6692113687769241,No
-0.4746422476953138,-1.002326195821388,-3.9321832346240253,No
0.05430773571253566,0.07320885804782667,-0.4395793630042306,No
-0.626045704261249,-1.1448647319964693,-1.5653117936284544,No
0.49327003279346726,-1.2580677577521553,0.3198486302929813,No
-0.0744986778896917,0.29925003040070064,-1.0599629143881075,No
0.2714725512795373,0.6201317594121322,1.1633325745435057,No
1.1131127250402595,-0.888362057612572,0.46265313551532494,No
0.6922707891899162,1.128284842625493,1.0510738887784958,No
-0.5749573878289964,-0.5829297877281663,3.0287047163962404,No
0.7357103603891098,0.1438179947942386,0.43676806482563657,No
0.03221319158756457,0.9506185916950014,1.6987580443891765,No
-0.021699539798940327,-0.12899294485404644,-1.4552322380985108,No
1.0340671338696026,-0.09890218256857264,1.0378398964724571,No
1.0176020527715655,-1.9564294084018208,-2.772827048304764,No
0.32255789084257636,0.0224278430410407,0.6688296643399096,No
-0.06243968107365719,0.3046471557459195,0.2152402337998599,No
-1.0602349050928952,0.30835982309249604,1.4409890249524515,No
2.3642051129430763,0.05622904882475894,1.0525352995688073,No
0.15217621999544836,-0.7481993147564806,-1.4718194566345941,No
0.2621272980399732,0.29269922155704337,1.4907408655139072,No
0.1810978021645166,0.36901744911097545,-1.566670001135263,No
0.5137623265529496,0.6381587555211446,-1.6475593908238357,No
1.669822283208795,-0.9596356568819295,2.0006584678533756,No
0.7385019700781355,1.2385829423701105,-2.040980669470234,No
-0.38804845051556897,-1.5580261394652244,-0.5677903640357538,No
1.5360393557407217,0.2826577709411344,0.01665672480794156,No
0.3072800500283086,-1.8244557273085351,-0.3646893712556416,No
0.6992036775037123,0.1244951290207043,0.2948659630725957,No
-1.102909758379469,-1.8182736972572053,-0.45697690153025605,No
-0.7828278661026187,0.1633829013943884,-0.2921640188130066,No
0.6275075264054718,0.7992094523234614,1.2282833203720187,No
-0.7302244105782959,0.5161937142503172,2.2653750202149716,No
0.09196373536124816,-0.9802945308494211,-0.668574872136454,No
0.7418011741708055,1.0904941525800278,0.7583856183908172,No
0.3207313853175579,-2.3651984864270226,0.5401184399325005,No
1.2523070200343003,-1.127812450803539,1.6580961149447861,No
0.27513374797246315,-1.303496535419798,-2.163523485809221,No
1.6808083794001067,-0.7511399014598065,-0.5600519335701325,No
0.027259653954762344,1.0393033614359044,-0.9182306920402105,No
0.294318589385315,-0.12798147680662125,-0.8764863780542981,No
0.5034949287444515,-0.16105164542153272,0.5314285072082379,No
-0.06515724361333847,1.942674943435829,-1.2671820668343947,No
-0.12907139773153795,0.597122850363435,0.1974305231438741,No
-0.2181960046098923,-0.9162579672235576,2.9212806551376636,No
1.087541822189494,-0.1759312898227467,1.1769500908213124,No
0.8189029959380829,0.21832964397516166,1.3838737650460258,No
-1.1337034725156685,-1.977436227719561,2.525702213421538,No
-0.13493227897680643,0.02614815004950429,0.10159870063168175,No
0.6141736808587951,-1.662600827497832,1.064980689060771,No
0.9331050783961272,-0.1874230310867697,0.8172037838405108,No
-1.8267786010490492,-1.8883175537143222,-1.9384661190366916,No
-1.9050855546323442,-1.0076641640487582,-1.5038325131775032,No
0.030129248820929266,1.511411175335144,-1.2198244554185917,No
1.3671213398113338,0.6887956948195614,0.31640968433669847,No
0.45478348124120743,1.9065983748324766,-0.44651022447790356,No
0.9047989320106892,2.368183597090533,-0.8131907563964732,No
-0.7914229742623737,1.7020590209326643,-3.8564196795909362,No
0.6501792939036873,0.34685899377486057,1.359388888379982,No
1.253113315096937,-0.013341296195295293,0.8040638672839351,No
0.095222161984745,-0.4897212793992142,0.41521669293411034,No
-0.5082869042260961,2.1532865126385645,-1.3823951477896155,No
1.3734555282402998,-0.12283723488383123,0.8281979979650691,No
0.055168616485586575,-0.05507294486456741,0.8611728024943163,No
-0.10666884090506719,-1.7692733547994357,-1.1740501394453788,No
-0.6639377003907274,-0.34165432867327744,1.170030534011494,No
0.8401800692098725,-0.9810372834728092,0.7444802089449882,No
1.1174364945210484,-0.24998066737518942,0.8161121114856628,No
-0.5345772448557954,-0.7633922784321603,0.35426472382715923,No
0.3125635139648991,-1.1892312135120087,1.0488317810637282,No
-0.5853965875124105,0.6621380217819368,-2.068137353600518,No
1.5475870024835654,0.7781666579276308,0.847565343487506,No
-0.25210219178889715,-0.287886440057758,-0.4024748459942502,No
-0.9378368192974504,0.21895947215263195,1.0639194580022493,No
0.09636863939642298,0.5475604001430555,1.6335540137612148,No
2.2968060654939224,1.0888230610185097,1.004614685452711,No
0.6335554759186953,0.1793328909296249,1.415982616111346,No
-0.3961946787074799,-1.1562836923105315,-0.39693609710351563,No
0.062080419662793214,-0.1416102312466887,0.7152533308757094,No
0.17024680537218734,-1.2301735222876302,-1.7706590918004828,No
0.021148585640715235,0.07870827939969245,1.0862069930965845,No
1.7575404756850346,0.0227879748206421,2.5516509617529444,No
1.0904323876335542,-0.5853425895773158,0.5042958544445089,No
0.7010438890034859,0.7868642405179763,1.0112586011232922,No
0.08565363826769244,1.5281136802038393,0.2737793326445368,No
-0.0844025470178904,1.9435892528393897,-1.402772027947357,No
0.5051064703382054,-1.3040114548780009,-0.3572470561870378,No
-0.36971201753582156,0.3607678619612494,0.4629817148921517,No
0.12297565852806437,-0.308182410853017,1.2144515315150832,No
1.1594788793832156,1.0331136326042003,-0.39545896759994825,No
0.8524898782236218,-0.7127607940178916,0.052602946561437935,No
0.42340486002634725,-1.454415025200273,0.9286622777997398,No
1.020895729360565,0.6899745015972878,1.5414659253554102,No
-0.14461882403298126,0.961909933064079,0.5884052932084927,No
1.6770628962929104,-0.08843927573143917,-1.296608172459984,No
-0.41525896515682054,-0.6336276031305612,1.1825037308182396,No
1.2641366395558442,-0.1905124375419025,0.270069963576963,No
0.834931956679967,-1.2204323112658348,0.2004845851120658,No
0.9834475312803656,0.7570478565679096,-1.5535698485096083,No
-0.21787488842175837,0.4899652303793869,1.886692870975121,No
-0.22036560025295152,0.4236213268375228,-1.491733103155024,No
0.8817718639910459,0.5477458112698548,0.5280024294572871,No
0.7124683873908149,1.1671542822626744,-2.3969776984688957,No
0.42417541671998293,1.0325818222730587,0.20955898032897924,No
0.26453147406939753,0.30775583750570956,-0.8763620061768557,No
-0.04682005080362467,0.035524452820053606,-0.8823527302286197,No
1.3643059362847483,0.7536689268601655,0.5214436671816708,No
-0.32851048899233515,1.1187711302707035,1.970613740294049,No
0.3005741538429214,0.9903007035903411,0.9571234959893768,No
1.4986560829372575,-0.7150150226043867,-0.6607869073093573,No
0.12036465440355827,2.908895887310672,-1.6057727715081338,No
1.1579517515899351,-0.11040047403786071,0.048986122440855095,No
0.8599171392627752,0.5326794413032724,0.7760093306300374,No
0.9171351756377628,1.00477414348475,1.7220110027911986,No
0.5125211565985954,-0.9639346994826075,1.677879672756234,No
-0.011278930933370682,-0.08825032756488278,-0.11953745170566943,No
0.909812858397074,-0.45180493898570556,0.9739787002114043,No
-0.6035231658830283,-0.40008506444911107,1.4527444351187626,No
-0.09267688696015752,0.06637578369359698,1.317421130642585,No
1.1356059296840482,0.440325547222834,1.7996669493688195,No
0.7884827753346495,-0.14721994180275713,1.0432981484902335,No
0.1387034337792829,0.07151803290082187,0.4862189584586407,No
1.6352420979997968,0.9543626601085916,2.3648979002887063,No
1.0946984104561266,-0.9105775175687307,0.9816734895009814,No
-0.20820640811681324,0.5842070880632739,-1.6428591599748144,No
-0.22473914918845816,1.8029251659139518,-0.6871902171858968,No
1.4695716347826127,-0.12358063019739403,0.6131430736260728,No
1.334367595830141,0.08466104638748545,1.301882099872393,No
0.6642898622600716,-0.26908778470531036,-1.3978477958209776,No
-1.106922287987533,-1.7337610305422904,1.5131396225980112,No
0.4727375325131956,0.2981145980055671,-2.0474859863520916,No
0.5371287059721165,-0.1439771382605655,-0.6356569153233801,No
-0.13675255755832744,-0.4846970101981852,0.6705621590793571,No
1.7956504289976873,-0.5120856059432161,1.4472789742652572,No
1.890696693525618,-0.7913768427571255,-2.880445827584718,No
-0.4385065082598012,1.746735392776523,-0.24866057621599336,No
0.4633265714933293,-0.7738315382911131,-1.8859469833375557,No
1.3517366249132567,1.4215141952047987,0.10243865420977272,No
1.0020422376009046,-1.8584265583505277,2.465694634501431,No
0.7604596703904548,0.881289260580822,1.2104860250197813,No
0.13234601283359998,0.6738474877239096,1.0267610737856256,No
1.2223743800947016,-0.9154350618188882,1.0281466885664008,No
1.396327141105079,-0.2177756750034118,0.7914221610246557,No
-0.012910099407897276,0.26606808987144015,0.6119990213857295,No
0.05108858162614969,1.677153526269637,0.4464995280500319,No
1.3764201666411102,-0.630735436767782,-1.0535215871711419,No
1.3888590243473093,-0.4433772356396103,1.424019059957164,No
-0.44018680453961756,-0.694963734736661,1.169796007356674,No
-0.16129072702059438,-0.6756142184655204,1.3766584828372803,No
-0.8820853264104919,0.2806694415623314,0.8619968964250273,No
-1.5340467555245003,0.04997281516001489,-0.8479161108795852,No
1.2608041960938912,-0.2758353604671239,0.9126036076201509,No
1.4688985915387085,1.181074699491258,0.9935907465964575,No
-0.010253984821652995,-1.1214594080950928,0.0022844302605913303,No
-0.1525667359699091,-0.08232065479162574,-0.7385954392631516,No
-0.028573195085160555,-1.0036081165070467,-0.8914535946281648,No
-0.04187814128869115,4.093340780013175,-1.1538679597907349,No
-0.5991471865592758,0.018191864013033316,1.4527815089231675,No
0.7701863104548102,0.4851828038931169,1.5464021847516318,No
-0.4491644156801301,2.73252236098713,-0.3977088575559641,No
0.3096997398859547,0.3596958116359332,1.3935222363308637,No
-0.10404813382343388,0.6705378980233758,-1.6455248078586204,No
-0.6388301859427129,0.3033574822622509,-0.0796047453720734,No
-1.219737756578335,0.6342893248972299,0.6061857125904488,No
0.5753469074982669,1.6250643398569973,0.8318391024017404,No
-0.8805171038771246,-0.8154610462072397,0.5020006999447415,No
0.8469329769608528,-0.2282975040342406,1.2231202405042023,No
0.14882415430330975,-0.8249385015192235,0.6772007653167154,No
0.334439738613321,1.188699692097977,1.2584812042454367,No
-0.3804355412855405,0.8714640932191943,-1.962061932606483,No
-0.33968873348767686,-1.0714338010541316,-1.4812761493626452,No
-0.44726292641957277,-0.27468402962856814,-0.6105424462562123,No
-0.20036904325012328,1.5836193011436257,-3.5922459970904184,No
1.2295642562624005,0.1934679195982546,1.0163120304624678,No
0.27218342594793576,0.868253205207661,-2.087417083178995,No
0.8052814843584143,-0.15226715560342968,0.9498135783674576,No
1.6438852896525744,0.5709220716934482,1.1673220468475671,No
1.4064618883048245,0.16911734705032158,0.1339623672799709,No
0.842402515229433,0.21468521229728088,0.9729600771315351,No
-0.2920462471198102,-0.7096531253877695,0.10606165020701641,No
0.7480831181751748,1.1500911927728878,0.7669344629723995,No
-0.6487317022162149,-0.1558034190860203,0.9773785983850984,No
-0.3188245420962152,1.0587861182830298,0.8108938101552272,No
1.0270799385627325,-0.7750159986196574,-3.990016947936441,No
-1.1208220434171299,-1.0477539441521615,-1.2428587890275322,No
-0.1598296638973557,-1.7320378137813275,-1.0347823208732796,No
-0.3966062210150866,-0.34632427361431223,0.05559521496084607,No
-0.3416354225123565,-0.17869873101992148,0.9158571634939302,No
0.33498513446833966,1.4469213659441444,-3.8193345339373836,No
0.9665379699407874,-0.24076698754183684,1.0814034688549958,No
-0.7074284359845344,1.7820826174997069,0.18039572664567594,No
0.5880698681886445,-0.0570123875874371,1.7969337953033362,No
-0.05248335285235297,-0.9088342751543221,0.17170931145659574,No
-0.11890309845951014,0.8652001329386404,0.6174328190438381,No
-1.1989045862845755,0.37154739488250355,-1.246261598139999,No
0.14457356790522577,-0.6020155437887221,0.001373119651705057,No
1.9397837889836138,-0.11723466338366234,1.6435947851542358,No
0.9396400820883983,0.5763363732686818,1.7556733081770006,No
0.9931999772449911,-0.5917943209529497,1.327358296564705,No
-0.24201571361261767,-0.8722582029982796,0.856316879722636,No
1.201995426246654,0.5787187380545424,0.24588732367520882,No
1.1647138731403102,-0.14537647336144083,0.7763940737346282,No
0.6468477051541646,-0.7907907870375346,1.3096836521196469,No
-0.8433496148029458,0.3415728424843533,-1.6742367883069198,No
-1.4398075763312743,1.6154526797119257,2.9164977935497403,No
-0.3965364455529471,-0.7304637460249311,0.045197513457226,No
0.15218230795835463,0.7460438545166942,1.4563962666972463,No
0.2265961926115347,-1.0870881798329435,0.5309160794713945,No
-0.19099557683317225,1.4177282355559355,-0.35352045239717134,No
-0.3949844910884807,0.11406944846302883,1.3362435853009846,No
0.5684368003975286,1.6757346424396156,-0.38689128466388845,No
-1.931805806493586,1.7251668658433004,2.098900510103446,No
0.5447876138140786,-0.07864199523670265,-1.069249391025069,No
-0.2371619262521182,-1.190388424915513,-1.0823502457117282,No
-1.0738170613185947,-0.8170593834058608,-0.09997910726826298,No
-0.79133051562655,1.5155936738702498,0.5453534012661341,No
0.1303651316839688,0.7125112695809781,1.0901574328509336,No
0.14117788532630424,-0.7341232191972532,0.48791933579128055,No
-0.7071750491539276,0.18297869081497117,1.496638547919368,No
-0.16166408428223092,-0.5571340445200159,1.0824048509050037,No
-0.39626616398014525,0.6223484720014921,1.155780790776285,No
-0.13558084807612658,0.4494288293125569,1.3997121086837983,No
-0.08099556158918839,-1.1056377813280924,0.22990622129763671,No
0.41264088670282695,-0.03673191672643653,1.6663989058915638,No
0.1030027851733624,0.37463333231216384,1.9317312242759361,No
-0.9029099291569941,-2.935547083678193,-2.159083442674536,No
-0.14848662488589973,-0.6604731589456463,1.18229876770723,No
1.1624938467115253,0.09807169199107317,0.3786014651594469,No
1.3589784018211155,-0.8877932187096383,0.9040954975679901,No
0.5630226926417681,-0.48077665148496673,0.8097360391217274,No
0.7132772121616073,-1.0381127981442944,1.5064592678102406,No
0.8113302625310331,-1.1942632110871358,-0.07983030044704276,No
0.5591815333200773,-1.7808164276498082,1.0673864355190428,No
0.547758299264935,-0.9575953571073497,0.650047277783502,No
0.9290989977457716,0.19471065680283992,1.0501394129796782,No
0.7780228953845406,0.7032414987151957,0.9144469678143609,No
1.1715484323922314,1.1246461757981638,-3.1366866632886836,No
-0.5098196421238983,-1.3619242071457007,-1.1547796850907772,No
-0.19718713632922408,0.8977070351920738,0.33932817646479163,No
-0.23744535273791,0.7938306879775917,0.6367073008112301,No
1.5965025310309138,-0.6775201897166657,0.7266241197508797,No
-0.9382993441522769,0.6517970090416573,0.8996837538741788,No
0.6819728477719429,0.14983906243796277,1.713064270801424,No
-0.35092120805260113,0.8373508450583775,0.8960556329194997,No
0.5046353447833125,-0.5954441889478631,0.5432391368944924,No
-0.6017867843801943,0.8576007087659412,2.1210802751470226,No
1.0978215597748417,0.49434500361744554,1.256022514325534,No
0.023074807139977012,-0.6181036742230739,0.43921486294555545,No
0.35688201062379893,-2.8300908742826074,-1.5791380513596747,No
1.0330742913427573,-0.09108543942095099,1.5259422243132263,No
1.454909082573519,-0.9806316814762255,0.6548014665782,No
0.6628228050710638,0.5364981650816308,1.219898662972882,No
1.1612190699059335,-0.03524160144738205,1.191690382284527,No
0.9083218471057406,0.39330246998659735,0.7597966006398902,No
0.7767497253535729,-0.3987957225073601,0.5024843020397194,No
1.3033941270546272,0.6285582796834661,1.1637092298989766,No
1.6979101700847363,0.19947880137844923,0.5855721990161087,No
0.7144876667536973,1.0361582081207754,1.059859439390249,No
-0.4074596582624265,-0.019402107828638094,0.6176904507539709,No
1.5505137826825681,-0.7401249778323404,1.4310493445617647,No
0.023264181319121655,-0.5380417656061852,1.2809994415955175,No
0.2724665113255302,0.05254373796410634,-0.3183484113282137,No
0.5028987293403195,-0.52603665081835,-1.776180202960934,No
1.093642062155677,0.26825997602936696,-0.13831928194695453,No
0.8524833802881734,-0.11647534944970307,0.8919706568845635,No
1.2552759575163919,-0.15113866965171258,1.730455507896338,No
0.7507613489691722,0.12157372355728244,1.1025434233622384,No
0.6452605156257565,0.7241756069092111,-1.0004869290235636,No
-1.6986797007866652,4.142485208037655e-05,1.0561687224913425,No
-0.3227470368782386,-1.1551374460138937,-2.281445143510451,No
1.079762400061123,0.5396181340086199,1.1382512301820036,No
-0.13699939823278603,1.065169441261413,0.20654530910700886,No
-0.01511446751030232,0.5246833469975345,0.6167440198732703,No
0.22711189659641132,-0.2138370235375178,1.4566582240371866,No
0.5955619167718897,0.7549242938009582,0.27752165536624707,No
0.9718383843390911,-1.0640745185437586,0.5824871747744418,No
-0.4428131444369842,0.7925475621734456,-0.7104219054896772,No
2.2635466358013887,-0.14604277242506136,1.460637429313377,No
0.8950700891897876,-0.6870228195087709,1.508573275147472,No
0.7918991343259378,0.1259251076001287,1.3474315963390162,No
0.0925289858681826,-0.4851612087003473,-0.12793566082528562,No
0.1670670773470501,0.06573216160740353,1.444819319972487,No
-0.1396289694888984,-0.2621027929875796,0.923952702248602,No
-1.8040915243905316,1.2419967083764125,-0.02368740536079894,No
-0.6292024582373319,1.442078949988593,0.9456695142545392,No
-0.013391997250546326,-0.3560288415630593,-0.17447943815101263,No
-0.6406470893484998,-0.2609792183874509,-0.4240041923441312,No
-1.268665737451446,1.2125742808664621,-0.6247116640861845,No
0.6434872077206268,-1.7787660596802408,-0.9133112684762859,No
-0.3299538484391197,-2.007592121006368,-0.7728640958454498,No
-0.3577807003970216,-0.15136486349642947,-0.1821746819396306,No
0.5403774477694697,2.0322385724299177,-1.7232984330935976,No
-0.7814386945937162,-1.1929138424067052,1.422227419772304,No
-0.17101862067516088,0.14694284700574467,0.6996822248896533,No
1.2466306321159013,0.05946518304284907,-0.02921509906046804,No
0.3291573953687171,-0.2301672707654946,-2.3017239407625816,No
-0.11890229823793685,-1.5179754206669367,0.20688067838051794,No
1.1453538292194705,0.08233132264087124,1.0554331747936496,No
0.20073303025743255,0.8446480468099384,-1.0458294177942111,No
-0.6952883359216879,-1.5521220040144739,0.634647167610086,No
-0.5259520119022851,-1.2520708892025327,0.40435657595553454,No
1.162335777120259,0.5895874651091658,1.0155397576951388,No
-0.11369859710902892,1.004696836821702,0.41306157594947157,No
-1.079321341168814,-0.14688030114202136,0.7864509795919523,No
0.5034623691041551,-1.4007899186032433,-3.4563037017442557,No
-0.09845024640075999,-2.6798455358661495,-0.15621435327282507,No
0.5763599102957153,1.4816345100223567,0.14327047763389178,No
-0.7003514696597133,-0.6081766829147188,-0.5413405872514279,No
0.29272340032792954,0.8066649405186056,1.0905142890538508,No
-0.5758333187542634,-0.00989720958279621,-1.8596404015215775,No
1.4291716966189978,-0.223504466151303,1.9713428085997944,No
-0.6428376960801334,1.1221318069951816,-0.5385360213405403,No
0.5793567788198041,0.3118168134633313,0.6017998482789848,No
0.15515628913445006,0.08785746804730608,1.6396682226073196,No
-0.5611007472506092,1.9850898792601261,-1.3405762813950346,No
0.3737729037409097,2.042685598315117,-0.5522628947481563,No
0.7485990176965922,-0.8871262840631072,0.5484043845326576,No
0.24274447710712505,0.8918310443940922,0.5175415992786363,No
0.9517849194218554,1.047515349006632,0.5453221728242496,No
-1.5907293043799644,0.09551001232020696,1.0291014209974525,No
-1.6090298474695608,0.48183642170001484,-0.9232574335171861,No
0.6568494403723324,-0.23320973328843167,0.6093152028956799,No
-0.4119823656764491,-0.44348156128481814,-0.4782889290425324,No
0.7725895328944916,0.2281611240228152,0.7124558545141806,No
-0.38210715393299827,-3.0686268023520338,-1.3719180058812759,No
-0.630555653894302,1.0275153121261182,-0.6982078570039745,No
-1.259412480181358,-0.6547373849534441,0.5542470503317629,No
0.3276067335761914,1.0151869300012062,1.7246311579781122,No
0.9639437122009856,-0.18167089423527444,-0.10999636211480923,No
0.03227278391381372,0.1917144430836566,2.1138850861742666,No
1.3430684536955333,-0.06486579262736225,0.8030086364224305,No
